Strategy,Fstatistic,Val,FctL95,FctU95
G1,Fst,0.02491,0.01702,0.03487
G2,Fst,0.02868,0.01961,0.04011
G3,Fst,0.02394,0.01653,0.03326
G4,Fst,0.02449,0.01679,0.03417
G1,Fsc,0.01273,0.00799,0.02016
G2,Fsc,0.00810,0.00423,0.01520
G3,Fsc,0.01618,0.01051,0.02417
G4,Fsc,0.00794,0.00399,0.01517
G1,Fct,0.01234,0.00780,0.01814
G2,Fct,0.02075,0.01318,0.03074
G3,Fct,0.00788,0.00487,0.01153
G4,Fct,0.01668,0.01057,0.02474
